date,stars,commits_past_year,pull_requests,issues,public_repos,streak
2026-08-01,2,320,5,1,19,4
2026-08-02,2,320,5,1,19,4
2026-08-03,2,323,5,1,19,1
2026-08-04,2,323,5,1,19,2
2026-08-05,2,323,5,1,19,3
2026-08-07,2,327,5,1,19,5
2026-08-08,2,327,5,1,19,5
2026-08-09,2,327,5,1,19,0
2026-08-10,2,328,5,1,19,2
2026-08-11,2,329,5,1,19,2
2026-08-12,2,329,5,1,19,0
2026-08-13,2,329,5,1,19,0
2026-08-14,2,329,5,1,19,0
2026-08-15,2,333,5,1,19,2
2026-08-16,2,333,5,1,19,2
2026-08-17,2,333,5,1,19,0
2026-08-18,2,333,5,1,19,0
2026-08-19,2,333,5,1,19,0
2026-08-20,2,333,5,1,19,1
2026-08-21,2,333,5,1,19,2
2026-08-22,2,334,5,1,19,2
2026-08-23,2,334,5,1,19,0
2026-08-24,2,334,5,1,19,0
2026-08-25,2,334,5,1,19,1
2026-08-26,2,334,5,1,19,1
2026-08-28,2,334,5,1,19,0
2026-08-29,2,335,5,1,19,1
2026-08-30,2,336,5,1,19,3
2026-08-31,2,336,5,1,19,3
2026-09-01,2,336,5,1,19,0
2026-09-02,2,336,5,1,19,0
2026-09-03,2,336,5,1,19,0
2026-09-04,2,338,5,1,19,1
2026-09-05,2,341,5,1,19,1
2026-09-06,2,344,5,1,19,3
2026-09-07,2,351,5,1,19,4
2026-09-08,2,354,5,1,19,5
2026-09-09,2,358,7,1,19,6
2026-09-10,2,367,7,1,19,7
2026-09-11,2,375,7,1,19,8
2026-09-12,2,376,7,1,19,8
